{
  "run_id": "l3-route-a-supercritical-Ra1200-seed0001",
  "emergence": {
    "reached_level": 3,
    "candidate_level": 4,
    "uninterrupted_from_zero": true,
    "level_detected_by_measurement": true,
    "detected": {
      "difference": true,
      "localization": true,
      "spontaneous_motion": true,
      "circulation": true,
      "persistent_individuality": false,
      "co_differentiation": false,
      "self_maintaining_closure": false,
      "growth_division_inheritance": false,
      "selection_open_ended": false
    },
    "measured_by": {
      "Ra": 1200.0,
      "Ra_c_theory": 657.5113644795163,
      "Pr": 1.0,
      "grid": [
        17,
        24,
        24
      ],
      "t_final": 8.0,
      "dt": 0.0005,
      "diverged": false,
      "w_rms_series": [
        9.1e-05,
        0.001244,
        0.00586,
        0.030081,
        0.160488,
        0.854565,
        3.270062,
        4.492454,
        4.652444,
        4.84485,
        4.607503,
        3.954281,
        3.711951,
        3.911978,
        4.051876,
        4.086314,
        3.704017,
        3.705906,
        3.661459,
        3.663904,
        3.690363,
        3.695815,
        3.683363,
        3.672666,
        3.671463,
        3.671361
      ],
      "circulation_proxy_series": [
        1.8e-05,
        0.0,
        1e-06,
        1.8e-05,
        0.000397,
        0.009003,
        0.106666,
        0.17666,
        0.327799,
        0.383233,
        0.657036,
        0.921033,
        0.603074,
        0.40611,
        0.354887,
        0.639263,
        1.022805,
        0.621057,
        0.585878,
        0.554702,
        0.474681,
        0.408526,
        0.393248,
        0.402575,
        0.404388,
        0.403748
      ],
      "fitted_growth_rate": 0.7753226563475665,
      "growing": true,
      "circulation_nonzero": true,
      "coherence_series": [
        0.1603,
        0.0905,
        0.0895,
        0.1744,
        0.1584,
        0.1458,
        0.2099,
        0.3956,
        0.2267,
        0.1631,
        0.2471,
        0.368,
        0.2557,
        0.3945,
        0.2347,
        0.2328,
        0.2207,
        0.2281,
        0.3301,
        0.2969,
        0.2813,
        0.2778,
        0.3333,
        0.4028,
        0.498
      ],
      "mean_coherence": 0.2566,
      "early_phase_mean_coherence": 0.2024,
      "late_phase_mean_coherence": 0.3067,
      "coherent_gate_pass": true,
      "ke_series": [
        0.0,
        2e-06,
        5e-05,
        0.001372,
        0.039939,
        1.151349,
        17.302981,
        32.819957,
        35.431765,
        38.868455,
        36.636894,
        29.946828,
        26.871476,
        28.587594,
        29.293655,
        30.265012,
        29.670045,
        30.236509,
        31.82614,
        32.537139,
        32.708259,
        32.6764,
        32.627999,
        32.618177,
        32.627188,
        32.625492
      ],
      "circulation_3d_series": [
        0.000165,
        0.000878,
        0.004213,
        0.021961,
        0.118268,
        0.635196,
        2.48324,
        3.441476,
        3.58332,
        3.721919,
        3.546611,
        3.058964,
        2.782437,
        2.958364,
        3.059003,
        3.105637,
        2.844099,
        2.821789,
        2.84176,
        2.839902,
        2.8686,
        2.861374,
        2.847976,
        2.847552,
        2.839527,
        2.839319
      ],
      "nu_series": [
        1.0,
        1.0,
        1.000002,
        1.000044,
        1.001256,
        1.035673,
        1.478891,
        1.802828,
        1.845827,
        1.891472,
        1.819098,
        1.656325,
        1.605672,
        1.655394,
        1.685998,
        1.696645,
        1.616956,
        1.645207,
        1.64979,
        1.655839,
        1.664299,
        1.66707,
        1.665023,
        1.662838,
        1.662617,
        1.662607
      ],
      "nu_late_mean": 1.664076,
      "late_fluct": 0.001021,
      "l3_gate_full": {
        "com_velocity_nonzero": true,
        "circulation_nonzero": true,
        "flux_nonzero_Nu_gt_1": true,
        "coherent_late_fluct_lt_0p05": true,
        "all_four_pass": true
      },
      "l3_partial": false,
      "l3_gate": {
        "com_velocity_nonzero": true,
        "circulation_nonzero": true,
        "coherent_while_growing": true
      },
      "honest_limitation": "axis順序バグ修正後は数値発散なく非線形飽和(w_rmsの伸びの頭打ち)まで到達する。coherentフラグは依頼書指定のlate_fluct(KEの後期相対std)<0.05で判定する——完全に時間的に一定な定常ロールに到達したかの直接指標。位相相関ベースのcoherence(early/late split)は補助的な第二の指標として併記する。Nu(=1+<w*T>)は後期(最終1/4区間)の時間平均で評価する。"
    },
    "purity": {
      "per_object_labels": false,
      "external_optimum": false,
      "role": "E"
    }
  },
  "integrity": {
    "conservation_drift": 0.0,
    "resolution_dependence": {
      "17x24x24": 3
    },
    "seed_reproducibility": {
      "1": 3
    },
    "reproducible_across_seeds": true,
    "nan_or_uncontrolled_clip": false,
    "passed": true
  },
  "input_vs_output": {
    "audit8_questions": {
      "q1_target_in_initial_condition": false,
      "q2_gate_encodes_conclusion_causality": false,
      "q3_gate_passes_null_control": false,
      "q4_emerged_quantity_is_algebraic_restatement": false
    },
    "target_encoded": false,
    "suggested_role_if_encoded": null,
    "control_runs": [
      {
        "name": "Ra=300 (<Ra_c=657.5, decisive frozen control)",
        "result": "see companion room -- expect decay, no motion"
      }
    ]
  }
}