{
  "run_id": "req-b-bootstrap-paradox-seed0003",
  "emergence": {
    "reached_level": 6,
    "candidate_level": 7,
    "uninterrupted_from_zero": true,
    "level_detected_by_measurement": true,
    "detected": {
      "difference": true,
      "localization": true,
      "spontaneous_motion": false,
      "circulation": false,
      "persistent_individuality": true,
      "co_differentiation": false,
      "self_maintaining_closure": true,
      "growth_division_inheritance": false,
      "selection_open_ended": false
    },
    "measured_by": {
      "u_bg_initial": 0.12032220728253186,
      "u_bg_peak": 0.46618716723567827,
      "u_bg_peak_time": 67.75,
      "u_bg_final": 0.15656025459032405,
      "u_sp_low": 0.21132486540518713,
      "hump_shape_confirmed": true,
      "background_clean_at_end": true,
      "originated": true,
      "final_n_droplets": 1,
      "mass_drift": -4.589661983800397e-13,
      "u_bg_series_sampled": [
        0.12032220728253186,
        0.16836718275798862,
        0.21403130369672188,
        0.25815728546874905,
        0.30167539715709146,
        0.3453517230476369,
        0.38890673177423807,
        0.4293137595896659,
        0.4607047399186793,
        0.45883963638395847,
        0.3954378955321984,
        0.26976187036910854,
        0.20578642822776994,
        0.189670586761465,
        0.18217976447692547,
        0.1770761442306464,
        0.17332761770492372,
        0.17039164647151908,
        0.16787956119069872,
        0.16567744842801505,
        0.1637036320997168,
        0.16200395667255688,
        0.1604815250173383,
        0.15913699760002906,
        0.15788871771995852
      ]
    },
    "purity": {
      "per_object_labels": false,
      "external_optimum": false,
      "role": "E"
    }
  },
  "integrity": {
    "conservation_drift": -4.589661983800397e-13,
    "resolution_dependence": {
      "96x96x96": 6
    },
    "seed_reproducibility": {
      "3": 6
    },
    "reproducible_across_seeds": true,
    "nan_or_uncontrolled_clip": false,
    "passed": true
  },
  "input_vs_output": {
    "audit8_questions": {
      "q1_target_in_initial_condition": false,
      "q2_gate_encodes_conclusion_causality": false,
      "q3_gate_passes_null_control": false,
      "q4_emerged_quantity_is_algebraic_restatement": false
    },
    "target_encoded": false,
    "suggested_role_if_encoded": null,
    "control_runs": [
      {
        "name": "k_p_in=0 (seed-only, decisive control)",
        "result": "see companion room -- expect background stays dirty"
      }
    ]
  }
}